id,time,allocated,idle,other,total
1,2021-03-10 18:10:24,8363,5069,128,13560
2,2021-03-10 18:10:29,8362,5070,128,13560
3,2021-03-10 18:10:34,8441,4991,128,13560
4,2021-03-10 18:10:39,8441,4991,128,13560
5,2021-03-10 18:27:15,8354,5078,128,13560
6,2021-03-10 18:42:15,8304,5128,128,13560
7,2021-03-10 18:57:15,8231,5201,128,13560
8,2021-03-10 19:12:15,8236,5196,128,13560
9,2021-03-10 19:27:15,8083,5349,128,13560
10,2021-03-10 19:42:15,8075,5357,128,13560
11,2021-03-10 19:57:15,7968,5464,128,13560
12,2021-03-10 20:12:15,7824,5608,128,13560
13,2021-03-10 20:27:15,7863,5569,128,13560
14,2021-03-10 20:42:15,7799,5633,128,13560
15,2021-03-10 20:57:15,7754,5678,128,13560
16,2021-03-10 21:12:15,7671,5761,128,13560
17,2021-03-10 21:27:15,7648,5784,128,13560
18,2021-03-10 21:42:15,7791,5641,128,13560
19,2021-03-10 21:57:15,7754,5678,128,13560
20,2021-03-10 22:53:14,7853,5579,128,13560
21,2021-03-10 22:53:23,7853,5579,128,13560
22,2021-03-10 22:53:32,7853,5579,128,13560
23,2021-03-10 22:53:41,7853,5579,128,13560
24,2021-03-10 22:56:54,7763,5669,128,13560
25,2021-03-10 22:57:27,7761,5671,128,13560
26,2021-03-10 23:12:27,7618,5814,128,13560
27,2021-03-10 23:27:27,8215,5217,128,13560
28,2021-03-10 23:42:27,7739,5693,128,13560
29,2021-03-10 23:57:27,7996,5436,128,13560
30,2021-03-11 00:12:27,7788,5644,128,13560
31,2021-03-11 00:27:27,8013,5419,128,13560
32,2021-03-11 00:42:27,7994,5438,128,13560
33,2021-03-11 00:57:27,7771,5661,128,13560
34,2021-03-11 01:12:27,7709,5723,128,13560
35,2021-03-11 01:27:27,7675,5757,128,13560
36,2021-03-11 01:42:27,7520,5912,128,13560
37,2021-03-11 01:57:27,7496,5936,128,13560
38,2021-03-11 02:12:27,7536,5896,128,13560
39,2021-03-11 02:27:27,7358,6074,128,13560
40,2021-03-11 02:42:27,7374,6058,128,13560
41,2021-03-11 02:57:27,7308,6124,128,13560
42,2021-03-11 03:12:27,7044,6388,128,13560
43,2021-03-11 03:27:27,7016,6416,128,13560
44,2021-03-11 03:42:27,6808,6624,128,13560
45,2021-03-11 03:57:27,6665,6767,128,13560
46,2021-03-11 04:12:28,6676,6756,128,13560
47,2021-03-11 04:27:28,6676,6756,128,13560
48,2021-03-11 04:42:28,6694,6738,128,13560
49,2021-03-11 04:57:28,6575,6857,128,13560
50,2021-03-11 05:12:28,6571,6861,128,13560
51,2021-03-11 05:27:28,6462,6970,128,13560
52,2021-03-11 05:42:28,6416,7016,128,13560
53,2021-03-11 05:57:28,6395,7037,128,13560
54,2021-03-11 06:12:28,6360,7072,128,13560
55,2021-03-11 06:27:28,6402,7030,128,13560
56,2021-03-11 06:42:28,6356,7076,128,13560
57,2021-03-11 06:57:28,6315,7117,128,13560
58,2021-03-11 07:12:28,6370,7062,128,13560
59,2021-03-11 07:27:28,6339,7093,128,13560
60,2021-03-11 07:42:28,6338,7094,128,13560
61,2021-03-11 07:57:28,6229,7203,128,13560
62,2021-03-11 08:12:28,6914,6518,128,13560
63,2021-03-11 08:27:28,7130,6302,128,13560
64,2021-03-11 08:42:28,6829,6603,128,13560
65,2021-03-11 08:57:28,7042,6390,128,13560
66,2021-03-11 09:12:28,7132,6300,128,13560
67,2021-03-11 09:27:28,7334,6098,128,13560
68,2021-03-11 09:42:28,7275,6157,128,13560
69,2021-03-11 09:57:28,7483,5949,128,13560
70,2021-03-11 10:12:28,7453,5979,128,13560
71,2021-03-11 10:27:28,7441,5991,128,13560
72,2021-03-11 10:42:28,7358,6074,128,13560
73,2021-03-11 10:57:28,7347,6085,128,13560
74,2021-03-11 11:12:29,7128,6304,128,13560
75,2021-03-11 11:27:29,7072,6360,128,13560
76,2021-03-11 11:42:29,7310,6122,128,13560
77,2021-03-11 11:57:29,7317,6115,128,13560
78,2021-03-11 12:12:29,7158,6274,128,13560
79,2021-03-11 12:27:29,7214,6218,128,13560
80,2021-03-11 12:42:29,7370,6062,128,13560
81,2021-03-11 12:57:29,7426,6006,128,13560
82,2021-03-11 13:12:29,7460,5972,128,13560
83,2021-03-11 13:27:29,7803,5629,128,13560
84,2021-03-11 13:42:29,8113,5319,128,13560
85,2021-03-11 13:57:29,7966,5466,128,13560
86,2021-03-11 14:12:29,7955,5477,128,13560
87,2021-03-11 14:27:29,7854,5578,128,13560
88,2021-03-11 14:42:29,7663,5769,128,13560
89,2021-03-11 14:57:29,7811,5621,128,13560
90,2021-03-11 15:12:29,7868,5564,128,13560
91,2021-03-11 15:27:29,7978,5454,128,13560
92,2021-03-11 15:42:29,7763,5669,128,13560
93,2021-03-11 15:57:29,8002,5430,128,13560
94,2021-03-11 16:12:29,7835,5597,128,13560
95,2021-03-11 16:27:29,8187,5245,128,13560
96,2021-03-11 16:42:29,8401,5031,128,13560
97,2021-03-11 16:57:29,8452,4980,128,13560
98,2021-03-11 17:12:29,8088,5344,128,13560
99,2021-03-11 17:27:29,8287,5145,128,13560
100,2021-03-11 17:42:29,8376,5056,128,13560
101,2021-03-11 17:57:29,8219,5213,128,13560
102,2021-03-11 18:12:29,7883,5549,128,13560
103,2021-03-11 18:27:30,7742,5690,128,13560
104,2021-03-11 18:42:30,7617,5815,128,13560
105,2021-03-11 18:57:30,7411,6021,128,13560
106,2021-03-11 19:12:30,7466,5966,128,13560
107,2021-03-11 19:27:30,6863,6569,128,13560
108,2021-03-11 19:42:30,6791,6641,128,13560
109,2021-03-11 19:57:30,6760,6672,128,13560
110,2021-03-11 20:12:30,6895,6537,128,13560
111,2021-03-11 20:27:30,6897,6535,128,13560
112,2021-03-11 20:42:30,6879,6553,128,13560
113,2021-03-11 20:57:30,6808,6624,128,13560
114,2021-03-11 21:12:30,6876,6556,128,13560
115,2021-03-11 21:27:30,7124,6308,128,13560
116,2021-03-11 21:42:30,7615,5817,128,13560
117,2021-03-11 21:57:30,7345,6087,128,13560
118,2021-03-11 22:12:30,6967,6465,128,13560
119,2021-03-11 22:27:30,6891,6541,128,13560
120,2021-03-11 22:42:30,7026,6406,128,13560
121,2021-03-11 22:57:30,7107,6325,128,13560
122,2021-03-11 23:12:30,6837,6595,128,13560
123,2021-03-11 23:27:30,6776,6656,128,13560
124,2021-03-11 23:42:30,7070,6362,128,13560
125,2021-03-11 23:57:31,6693,6739,128,13560
126,2021-03-12 00:12:31,6531,6901,128,13560
127,2021-03-12 00:27:31,6616,6816,128,13560
128,2021-03-12 00:42:31,6509,6923,128,13560
129,2021-03-12 00:57:31,6331,7101,128,13560
130,2021-03-12 01:12:31,6120,7312,128,13560
131,2021-03-12 01:27:31,6364,7068,128,13560
132,2021-03-12 01:42:31,6200,7232,128,13560
133,2021-03-12 01:57:31,6000,7432,128,13560
134,2021-03-12 02:12:31,5783,7649,128,13560
135,2021-03-12 02:27:31,5588,7844,128,13560
136,2021-03-12 02:42:31,5699,7733,128,13560
137,2021-03-12 02:57:31,5795,7637,128,13560
138,2021-03-12 03:12:31,5829,7603,128,13560
139,2021-03-12 03:27:31,5848,7584,128,13560
140,2021-03-12 03:42:31,5877,7555,128,13560
141,2021-03-12 03:57:31,5816,7616,128,13560
142,2021-03-12 04:12:31,5819,7613,128,13560
143,2021-03-12 04:27:31,5678,7754,128,13560
144,2021-03-12 04:42:31,5687,7745,128,13560
145,2021-03-12 04:57:31,5686,7746,128,13560
146,2021-03-12 05:12:31,5658,7774,128,13560
147,2021-03-12 05:27:31,5654,7778,128,13560
148,2021-03-12 05:42:31,5610,7822,128,13560
149,2021-03-12 05:57:31,5694,7738,128,13560
150,2021-03-12 06:12:31,5698,7734,128,13560
151,2021-03-12 06:27:31,5602,7830,128,13560
152,2021-03-12 06:42:31,5569,7863,128,13560
153,2021-03-12 06:57:32,5522,7910,128,13560
154,2021-03-12 07:12:32,5381,8051,128,13560
155,2021-03-12 07:27:32,5311,8121,128,13560
156,2021-03-12 07:42:32,5453,7979,128,13560
157,2021-03-12 07:57:32,5448,7984,128,13560
158,2021-03-12 08:12:32,5439,7993,128,13560
159,2021-03-12 08:27:32,5427,8005,128,13560
160,2021-03-12 08:42:32,5457,7975,128,13560
161,2021-03-12 08:57:32,5867,7565,128,13560
162,2021-03-12 09:12:32,5846,7586,128,13560
163,2021-03-12 09:27:32,5806,7626,128,13560
164,2021-03-12 09:42:32,6160,7272,128,13560
165,2021-03-12 09:57:32,6071,7361,128,13560
166,2021-03-12 10:12:32,6033,7399,128,13560
167,2021-03-12 10:27:32,6222,7210,128,13560
168,2021-03-12 10:42:32,6374,7058,128,13560
169,2021-03-12 10:57:32,6288,7144,128,13560
170,2021-03-12 11:12:32,6026,7406,128,13560
171,2021-03-12 11:27:32,6235,7197,128,13560
172,2021-03-12 11:42:32,6185,7247,128,13560
173,2021-03-12 11:57:32,5932,7500,128,13560
174,2021-03-12 12:12:32,6001,7431,128,13560
175,2021-03-12 12:27:32,5941,7491,128,13560
176,2021-03-12 12:42:32,5985,7447,128,13560
177,2021-03-12 12:57:32,5944,7488,128,13560
178,2021-03-12 13:12:32,6112,7320,128,13560
179,2021-03-12 13:27:33,6526,6906,128,13560
180,2021-03-12 13:42:33,6379,7053,128,13560
181,2021-03-12 13:57:33,6355,7077,128,13560
182,2021-03-12 14:12:33,6537,6895,128,13560
183,2021-03-12 14:27:33,6401,7031,128,13560
184,2021-03-12 14:42:33,6272,7160,128,13560
185,2021-03-12 14:57:33,6422,7010,128,13560
186,2021-03-12 15:12:33,6590,6842,128,13560
187,2021-03-12 15:27:33,6757,6675,128,13560
188,2021-03-12 15:42:33,6583,6849,128,13560
189,2021-03-12 15:57:33,6488,6944,128,13560
190,2021-03-12 16:12:33,6994,6438,128,13560
191,2021-03-12 16:27:33,6623,6809,128,13560
192,2021-03-12 16:42:33,6750,6682,128,13560
193,2021-03-12 16:57:33,6868,6564,128,13560
194,2021-03-12 17:12:33,6928,6504,128,13560
195,2021-03-12 17:27:33,7103,6329,128,13560
196,2021-03-12 17:42:33,7071,6361,128,13560
197,2021-03-12 17:57:33,7211,6221,128,13560
198,2021-03-12 18:12:33,7032,6400,128,13560
199,2021-03-12 18:27:33,7195,6237,128,13560
200,2021-03-12 18:42:33,7188,6244,128,13560
201,2021-03-12 18:57:33,7236,6196,128,13560
202,2021-03-12 19:12:34,6965,6467,128,13560
203,2021-03-12 19:27:34,6990,6442,128,13560
204,2021-03-12 19:42:34,6982,6450,128,13560
205,2021-03-12 19:57:34,7006,6426,128,13560
206,2021-03-12 20:12:34,6949,6483,128,13560
207,2021-03-12 20:27:34,7067,6365,128,13560
208,2021-03-12 20:42:34,7134,6298,128,13560
209,2021-03-12 20:57:34,7197,6235,128,13560
210,2021-03-12 21:12:34,7166,6266,128,13560
211,2021-03-12 21:27:34,6997,6435,128,13560
212,2021-03-12 21:42:34,6891,6541,128,13560
213,2021-03-12 21:57:34,6752,6680,128,13560
214,2021-03-12 22:12:34,6737,6695,128,13560
215,2021-03-12 22:27:34,6713,6719,128,13560
216,2021-03-12 22:42:34,6629,6803,128,13560
217,2021-03-12 22:57:34,6734,6698,128,13560
218,2021-03-12 23:12:34,6921,6511,128,13560
219,2021-03-12 23:27:34,6870,6562,128,13560
220,2021-03-12 23:42:34,6811,6621,128,13560
221,2021-03-12 23:57:34,6707,6725,128,13560
222,2021-03-13 00:12:34,6676,6756,128,13560
223,2021-03-13 00:27:34,6575,6857,128,13560
224,2021-03-13 00:42:34,6642,6790,128,13560
225,2021-03-13 00:57:34,6779,6653,128,13560
226,2021-03-13 01:12:34,6770,6662,128,13560
227,2021-03-13 01:27:34,6678,6754,128,13560
228,2021-03-13 01:42:34,6653,6779,128,13560
229,2021-03-13 01:57:34,6511,6921,128,13560
230,2021-03-13 02:12:34,6547,6885,128,13560
231,2021-03-13 02:27:35,6354,7078,128,13560
232,2021-03-13 02:42:35,6301,7131,128,13560
233,2021-03-13 02:57:35,6257,7175,128,13560
234,2021-03-13 03:12:35,6242,7190,128,13560
235,2021-03-13 03:27:35,6269,7163,128,13560
236,2021-03-13 03:42:35,6264,7168,128,13560
237,2021-03-13 03:57:35,6458,6974,128,13560
238,2021-03-13 04:12:35,6458,6974,128,13560
239,2021-03-13 04:27:35,6489,6943,128,13560
240,2021-03-13 04:42:35,6409,7023,128,13560
241,2021-03-13 04:57:35,6342,7090,128,13560
242,2021-03-13 05:12:35,6225,7207,128,13560
243,2021-03-13 05:27:35,6210,7222,128,13560
244,2021-03-13 05:42:35,5960,7472,128,13560
245,2021-03-13 05:57:35,5949,7483,128,13560
246,2021-03-13 06:12:35,5868,7564,128,13560
247,2021-03-13 06:27:35,5987,7445,128,13560
248,2021-03-13 06:42:35,6016,7416,128,13560
249,2021-03-13 06:57:35,6041,7391,128,13560
250,2021-03-13 07:12:35,6040,7392,128,13560
251,2021-03-13 07:27:35,5938,7494,128,13560
252,2021-03-13 07:42:35,5959,7473,128,13560
253,2021-03-13 07:57:35,5957,7475,128,13560
254,2021-03-13 08:12:35,5991,7441,128,13560
255,2021-03-13 08:27:35,5846,7586,128,13560
256,2021-03-13 08:42:35,5906,7526,128,13560
257,2021-03-13 08:57:35,6177,7255,128,13560
258,2021-03-13 09:12:35,6181,7251,128,13560
259,2021-03-13 09:27:36,6157,7275,128,13560
260,2021-03-13 09:42:36,6049,7351,160,13560
261,2021-03-13 09:57:36,6013,7387,160,13560
262,2021-03-13 10:12:36,6014,7386,160,13560
263,2021-03-13 10:27:36,5894,7506,160,13560
264,2021-03-13 10:42:36,5647,7753,160,13560
265,2021-03-13 10:57:36,5734,7666,160,13560
266,2021-03-13 11:12:36,5516,7884,160,13560
267,2021-03-13 11:27:36,5639,7761,160,13560
268,2021-03-13 11:42:36,5955,7445,160,13560
269,2021-03-13 11:57:36,6047,7353,160,13560
270,2021-03-13 12:12:36,6418,6982,160,13560
271,2021-03-13 12:27:36,6341,7059,160,13560
272,2021-03-13 12:42:36,6466,6934,160,13560
273,2021-03-13 12:57:36,6481,6919,160,13560
274,2021-03-13 13:12:36,6861,6539,160,13560
275,2021-03-13 13:27:36,6474,6926,160,13560
276,2021-03-13 13:42:36,6832,6568,160,13560
277,2021-03-13 13:57:36,6907,6493,160,13560
278,2021-03-13 14:12:36,7276,6124,160,13560
279,2021-03-13 14:27:36,7424,5976,160,13560
280,2021-03-13 14:42:36,7493,5907,160,13560
281,2021-03-13 14:57:36,7246,6154,160,13560
282,2021-03-13 15:12:36,7124,6276,160,13560
283,2021-03-13 15:27:36,7096,6304,160,13560
284,2021-03-13 15:42:37,6886,6514,160,13560
285,2021-03-13 15:57:37,7080,6320,160,13560
286,2021-03-13 16:12:37,7129,6271,160,13560
287,2021-03-13 16:27:37,7357,6043,160,13560
288,2021-03-13 16:42:37,7470,5930,160,13560
289,2021-03-13 16:57:37,7528,5872,160,13560
290,2021-03-13 17:12:37,7317,6083,160,13560
291,2021-03-13 17:27:37,7220,6180,160,13560
292,2021-03-13 17:42:37,7015,6385,160,13560
293,2021-03-13 17:57:37,6813,6587,160,13560
294,2021-03-13 18:12:37,6622,6778,160,13560
295,2021-03-13 18:27:37,6395,7005,160,13560
296,2021-03-13 18:42:37,6343,7057,160,13560
297,2021-03-13 18:57:37,6333,7067,160,13560
298,2021-03-13 19:12:37,6372,7028,160,13560
299,2021-03-13 19:27:37,6435,6965,160,13560
300,2021-03-13 19:42:37,6458,6942,160,13560
301,2021-03-13 19:57:37,6441,6959,160,13560
302,2021-03-13 20:12:37,6472,6928,160,13560
303,2021-03-13 20:27:37,6484,6916,160,13560
304,2021-03-13 20:42:37,6494,6906,160,13560
305,2021-03-13 20:57:37,6302,7098,160,13560
306,2021-03-13 21:12:37,6240,7160,160,13560
307,2021-03-13 21:27:37,7448,5952,160,13560
308,2021-03-13 21:42:37,7466,5934,160,13560
309,2021-03-13 21:57:38,7333,6067,160,13560
310,2021-03-13 22:12:38,7216,6184,160,13560
311,2021-03-13 22:27:38,7199,6201,160,13560
312,2021-03-13 22:42:38,7142,6258,160,13560
313,2021-03-13 22:57:38,7257,6143,160,13560
314,2021-03-13 23:12:38,7229,6171,160,13560
315,2021-03-13 23:27:38,7234,6166,160,13560
316,2021-03-13 23:42:38,7302,6098,160,13560
317,2021-03-13 23:57:38,7375,6025,160,13560
318,2021-03-14 00:12:38,7597,5803,160,13560
319,2021-03-14 00:27:38,7492,5908,160,13560
320,2021-03-14 00:42:38,7375,6025,160,13560
321,2021-03-14 00:57:38,7295,6105,160,13560
322,2021-03-14 01:12:38,7176,6224,160,13560
323,2021-03-14 01:27:38,7364,6036,160,13560
324,2021-03-14 01:42:38,6916,6484,160,13560
325,2021-03-14 01:57:38,6968,6432,160,13560
326,2021-03-14 03:12:38,6905,6495,160,13560
327,2021-03-14 03:27:38,6866,6534,160,13560
328,2021-03-14 03:42:38,6761,6639,160,13560
329,2021-03-14 03:57:39,6607,6793,160,13560
330,2021-03-14 04:12:39,6581,6819,160,13560
331,2021-03-14 04:27:39,6523,6877,160,13560
332,2021-03-14 04:42:39,6359,7041,160,13560
333,2021-03-14 04:57:39,6132,7268,160,13560
334,2021-03-14 05:12:39,6133,7267,160,13560
335,2021-03-14 05:27:39,6119,7281,160,13560
336,2021-03-14 05:42:39,6022,7378,160,13560
337,2021-03-14 05:57:39,5893,7507,160,13560
338,2021-03-14 06:12:39,5893,7507,160,13560
339,2021-03-14 06:27:39,5862,7538,160,13560
340,2021-03-14 06:42:39,5861,7539,160,13560
341,2021-03-14 06:57:39,5927,7473,160,13560
342,2021-03-14 07:12:39,5690,7710,160,13560
343,2021-03-14 07:27:39,5632,7768,160,13560
344,2021-03-14 07:42:39,5713,7687,160,13560
345,2021-03-14 07:57:39,5741,7659,160,13560
346,2021-03-14 08:12:39,5736,7664,160,13560
347,2021-03-14 08:27:39,5748,7652,160,13560
348,2021-03-14 08:42:39,5717,7683,160,13560
349,2021-03-14 08:57:39,5753,7647,160,13560
350,2021-03-14 09:12:39,5802,7598,160,13560
351,2021-03-14 09:27:39,5739,7661,160,13560
352,2021-03-14 09:42:40,5932,7468,160,13560
353,2021-03-14 09:57:40,5904,7496,160,13560
354,2021-03-14 10:12:40,5886,7514,160,13560
355,2021-03-14 10:27:40,5985,7415,160,13560
356,2021-03-14 10:42:40,6219,7181,160,13560
357,2021-03-14 10:57:40,6018,7382,160,13560
358,2021-03-14 11:12:40,5922,7478,160,13560
359,2021-03-14 11:27:40,5879,7521,160,13560
360,2021-03-14 11:42:40,6035,7365,160,13560
361,2021-03-14 11:57:40,6062,7338,160,13560
362,2021-03-14 12:12:40,6074,7326,160,13560
363,2021-03-14 12:27:40,5988,7412,160,13560
364,2021-03-14 12:42:40,6032,7368,160,13560
365,2021-03-14 12:57:40,6171,7229,160,13560
366,2021-03-14 13:12:40,6382,7018,160,13560
367,2021-03-14 13:27:40,6565,6835,160,13560
368,2021-03-14 13:42:40,6795,6605,160,13560
369,2021-03-14 13:57:40,6794,6606,160,13560
370,2021-03-14 14:12:40,6919,6481,160,13560
371,2021-03-14 14:27:40,6477,6923,160,13560
372,2021-03-14 14:42:40,7208,6192,160,13560
373,2021-03-14 14:57:40,6898,6502,160,13560
374,2021-03-14 15:12:40,6814,6586,160,13560
375,2021-03-14 15:27:40,6769,6631,160,13560
376,2021-03-14 15:42:40,7272,6128,160,13560
377,2021-03-14 15:57:41,7590,5810,160,13560
378,2021-03-14 16:12:41,7402,5998,160,13560
379,2021-03-14 16:27:41,7431,5969,160,13560
380,2021-03-14 16:42:41,7271,6129,160,13560
381,2021-03-14 16:57:41,7281,6119,160,13560
382,2021-03-14 17:12:41,7118,6282,160,13560
383,2021-03-14 17:27:41,7379,6021,160,13560
384,2021-03-14 17:42:41,7354,6046,160,13560
385,2021-03-14 17:57:41,7316,6084,160,13560
386,2021-03-14 18:12:41,7253,6147,160,13560
387,2021-03-14 18:27:41,7455,5945,160,13560
388,2021-03-14 18:42:41,7339,6061,160,13560
389,2021-03-14 18:57:41,7285,6115,160,13560
390,2021-03-14 19:12:41,7267,6133,160,13560
391,2021-03-14 19:27:41,7176,6224,160,13560
392,2021-03-14 19:42:41,7201,6199,160,13560
393,2021-03-14 19:57:41,6688,6712,160,13560
394,2021-03-14 20:12:41,6940,6460,160,13560
395,2021-03-14 20:27:41,6842,6558,160,13560
396,2021-03-14 20:42:41,6750,6650,160,13560
397,2021-03-14 20:57:41,6897,6503,160,13560
398,2021-03-14 21:12:41,6714,6686,160,13560
399,2021-03-14 21:27:41,6737,6663,160,13560
400,2021-03-14 21:42:41,6817,6583,160,13560
401,2021-03-14 21:57:41,6548,6852,160,13560
402,2021-03-14 22:12:41,6654,6746,160,13560
403,2021-03-14 22:27:42,6664,6736,160,13560
404,2021-03-14 22:42:42,6599,6801,160,13560
405,2021-03-14 22:57:42,6543,6857,160,13560
406,2021-03-14 23:12:42,6613,6787,160,13560
407,2021-03-14 23:27:42,6709,6691,160,13560
408,2021-03-14 23:42:42,6592,6808,160,13560
409,2021-03-14 23:57:42,6882,6518,160,13560
410,2021-03-15 00:12:42,6833,6567,160,13560
411,2021-03-15 00:27:42,6865,6535,160,13560
412,2021-03-15 00:42:42,6783,6617,160,13560
413,2021-03-15 00:57:42,6787,6613,160,13560
414,2021-03-15 01:12:42,6730,6670,160,13560
415,2021-03-15 01:27:42,6749,6651,160,13560
416,2021-03-15 01:42:42,6719,6681,160,13560
417,2021-03-15 01:57:42,6619,6781,160,13560
418,2021-03-15 02:12:42,6433,6967,160,13560
419,2021-03-15 02:27:42,6168,7232,160,13560
420,2021-03-15 02:42:42,6111,7289,160,13560
421,2021-03-15 02:57:42,6070,7330,160,13560
422,2021-03-15 03:12:42,6110,7290,160,13560
423,2021-03-15 03:27:42,6110,7290,160,13560
424,2021-03-15 03:42:42,6077,7323,160,13560
425,2021-03-15 03:57:43,5947,7453,160,13560
426,2021-03-15 04:12:43,5918,7482,160,13560
427,2021-03-15 04:27:43,5921,7479,160,13560
428,2021-03-15 04:42:43,5891,7509,160,13560
429,2021-03-15 04:57:43,5694,7706,160,13560
430,2021-03-15 05:12:43,5674,7726,160,13560
431,2021-03-15 05:27:43,5673,7727,160,13560
432,2021-03-15 05:42:43,5623,7777,160,13560
433,2021-03-15 05:57:43,5600,7800,160,13560
434,2021-03-15 06:12:43,5587,7813,160,13560
435,2021-03-15 06:27:43,5588,7812,160,13560
436,2021-03-15 06:42:43,5588,7812,160,13560
437,2021-03-15 06:57:43,5720,7680,160,13560
438,2021-03-15 07:12:43,5675,7725,160,13560
439,2021-03-15 07:27:43,5799,7601,160,13560
440,2021-03-15 07:42:43,5799,7601,160,13560
441,2021-03-15 07:57:43,5806,7594,160,13560
442,2021-03-15 08:12:43,5780,7620,160,13560
443,2021-03-15 08:27:43,5819,7581,160,13560
444,2021-03-15 08:42:43,5859,7541,160,13560
445,2021-03-15 08:57:43,6033,7367,160,13560
446,2021-03-15 09:12:43,5962,7414,184,13560
447,2021-03-15 09:27:43,5896,7480,184,13560
448,2021-03-15 09:42:43,6107,7293,160,13560
449,2021-03-15 09:57:44,6018,7382,160,13560
450,2021-03-15 10:12:44,6082,7318,160,13560
451,2021-03-15 10:27:44,6110,7290,160,13560
452,2021-03-15 10:42:44,6818,6582,160,13560
453,2021-03-15 10:57:44,6775,6625,160,13560
454,2021-03-15 11:12:44,6651,6725,184,13560
455,2021-03-15 11:27:44,6768,6632,160,13560
456,2021-03-15 11:42:44,6744,6704,112,13560
457,2021-03-15 11:57:44,6824,6624,112,13560
458,2021-03-15 12:12:44,6897,6551,112,13560
459,2021-03-15 12:27:44,7175,6273,112,13560
460,2021-03-15 12:42:44,7181,6267,112,13560
461,2021-03-15 12:57:44,7254,6194,112,13560
462,2021-03-15 13:12:44,7175,6273,112,13560
463,2021-03-15 13:27:44,7593,5855,112,13560
464,2021-03-15 13:42:44,7614,5834,112,13560
465,2021-03-15 13:57:44,7663,5785,112,13560
466,2021-03-15 14:12:44,7605,5843,112,13560
467,2021-03-15 14:27:44,7618,5830,112,13560
468,2021-03-15 14:42:44,7564,5884,112,13560
469,2021-03-15 14:57:44,7674,5774,112,13560
470,2021-03-15 15:12:44,7660,5788,112,13560
471,2021-03-15 15:27:44,7770,5678,112,13560
472,2021-03-15 15:42:45,7817,5631,112,13560
473,2021-03-15 15:57:45,7633,5815,112,13560
474,2021-03-15 16:12:45,7765,5683,112,13560
475,2021-03-15 16:27:45,7976,5472,112,13560
476,2021-03-15 16:42:45,8360,5088,112,13560
477,2021-03-15 16:57:45,8210,5238,112,13560
478,2021-03-15 17:12:45,8068,5380,112,13560
479,2021-03-15 17:27:45,8025,5423,112,13560
480,2021-03-15 17:42:45,8035,5413,112,13560
481,2021-03-15 17:57:45,8023,5425,112,13560
482,2021-03-15 18:12:45,8095,5353,112,13560
483,2021-03-15 18:27:45,7982,5466,112,13560
484,2021-03-15 18:42:45,7973,5475,112,13560
485,2021-03-15 18:57:45,7897,5551,112,13560
486,2021-03-15 19:12:45,7903,5545,112,13560
487,2021-03-15 19:27:45,7701,5747,112,13560
488,2021-03-15 19:42:45,7709,5739,112,13560
489,2021-03-15 19:57:45,7693,5755,112,13560
490,2021-03-15 20:12:45,7711,5737,112,13560
491,2021-03-15 20:27:45,7696,5752,112,13560
492,2021-03-15 20:42:45,7734,5714,112,13560
493,2021-03-15 20:57:45,7794,5654,112,13560
494,2021-03-15 21:12:46,7752,5696,112,13560
495,2021-03-15 21:27:46,7685,5763,112,13560
496,2021-03-15 21:42:46,7680,5768,112,13560
497,2021-03-15 21:57:46,8142,5306,112,13560
498,2021-03-15 22:12:46,8151,5297,112,13560
499,2021-03-15 22:27:46,8086,5362,112,13560
500,2021-03-15 22:42:46,8101,5347,112,13560
501,2021-03-15 22:57:46,8101,5347,112,13560
502,2021-03-15 23:12:46,8227,5221,112,13560
503,2021-03-15 23:27:46,8430,5018,112,13560
504,2021-03-15 23:42:46,8381,5067,112,13560
505,2021-03-15 23:57:46,8139,5309,112,13560
506,2021-03-16 00:12:46,8166,5282,112,13560
507,2021-03-16 00:27:46,8257,5191,112,13560
508,2021-03-16 00:42:46,7986,5462,112,13560
509,2021-03-16 00:57:46,8201,5247,112,13560
510,2021-03-16 01:12:46,8134,5314,112,13560
511,2021-03-16 01:27:46,8235,5213,112,13560
512,2021-03-16 01:42:46,8106,5342,112,13560
513,2021-03-16 01:57:46,8058,5390,112,13560
514,2021-03-16 02:12:46,7940,5508,112,13560
515,2021-03-16 02:27:46,7889,5559,112,13560
516,2021-03-16 02:42:46,7866,5582,112,13560
517,2021-03-16 02:57:46,7887,5561,112,13560
518,2021-03-16 03:12:46,7549,5899,112,13560
519,2021-03-16 03:27:46,7691,5757,112,13560
520,2021-03-16 03:42:46,7700,5748,112,13560
521,2021-03-16 03:57:46,7633,5815,112,13560
522,2021-03-16 04:12:46,7641,5807,112,13560
523,2021-03-16 04:27:46,7703,5745,112,13560
524,2021-03-16 04:42:46,7595,5853,112,13560
525,2021-03-16 04:57:46,7647,5801,112,13560
526,2021-03-16 05:12:47,7516,5932,112,13560
527,2021-03-16 05:27:47,7430,6018,112,13560
528,2021-03-16 05:42:47,7273,6175,112,13560
529,2021-03-16 05:57:47,7280,6168,112,13560
530,2021-03-16 06:12:47,7238,6210,112,13560
531,2021-03-16 06:27:47,7214,6234,112,13560
532,2021-03-16 06:42:47,6961,6487,112,13560
533,2021-03-16 06:57:47,7000,6448,112,13560
534,2021-03-16 07:12:47,6964,6484,112,13560
535,2021-03-16 07:27:47,6924,6524,112,13560
536,2021-03-16 07:42:47,6906,6542,112,13560
537,2021-03-16 07:57:47,6841,6607,112,13560
538,2021-03-16 08:12:47,6835,6613,112,13560
539,2021-03-16 08:27:47,6575,6873,112,13560
540,2021-03-16 08:42:47,6667,6781,112,13560
541,2021-03-16 08:57:47,6510,6938,112,13560
542,2021-03-16 09:12:47,6552,6896,112,13560
543,2021-03-16 09:27:47,6626,6822,112,13560
544,2021-03-16 09:42:47,6651,6797,112,13560
545,2021-03-16 09:57:47,6558,6890,112,13560
546,2021-03-16 10:12:47,6690,6758,112,13560
547,2021-03-16 10:27:47,6724,6724,112,13560
548,2021-03-16 10:42:47,6604,6844,112,13560
549,2021-03-16 10:57:47,6404,7044,112,13560
550,2021-03-16 11:12:47,6412,7036,112,13560
551,2021-03-16 11:27:48,6321,7127,112,13560
552,2021-03-16 11:42:48,6270,7178,112,13560
553,2021-03-16 11:57:48,6732,6716,112,13560
554,2021-03-16 12:12:48,6811,6637,112,13560
555,2021-03-16 12:27:48,7104,6344,112,13560
556,2021-03-16 12:42:48,6905,6543,112,13560
557,2021-03-16 12:57:48,7372,6076,112,13560
558,2021-03-16 13:12:48,7094,6354,112,13560
559,2021-03-16 13:27:48,7338,6110,112,13560
560,2021-03-16 13:42:48,7263,6185,112,13560
561,2021-03-16 13:57:48,7618,5830,112,13560
562,2021-03-16 14:12:48,7638,5810,112,13560
563,2021-03-16 14:27:48,7541,5907,112,13560
564,2021-03-16 14:42:48,7611,5837,112,13560
565,2021-03-16 14:57:48,7492,5956,112,13560
566,2021-03-16 15:12:48,7282,6166,112,13560
567,2021-03-16 15:27:48,7513,5935,112,13560
568,2021-03-16 15:42:48,7623,5825,112,13560
569,2021-03-16 15:57:48,7397,6051,112,13560
570,2021-03-16 16:12:48,7637,5811,112,13560
571,2021-03-16 16:27:49,7611,5837,112,13560
572,2021-03-16 16:42:49,7657,5791,112,13560
573,2021-03-16 16:57:49,7609,5839,112,13560
574,2021-03-16 17:12:49,7629,5819,112,13560
575,2021-03-16 17:27:49,7601,5847,112,13560
576,2021-03-16 17:42:49,7782,5666,112,13560
577,2021-03-16 17:57:49,7926,5522,112,13560
578,2021-03-16 18:12:49,7822,5626,112,13560
579,2021-03-16 18:27:49,7670,5778,112,13560
580,2021-03-16 18:42:49,7713,5735,112,13560
581,2021-03-16 18:57:49,7636,5812,112,13560
582,2021-03-16 19:12:49,7567,5881,112,13560
583,2021-03-16 19:27:49,7686,5762,112,13560
584,2021-03-16 19:42:49,7503,5945,112,13560
585,2021-03-16 19:57:49,7645,5803,112,13560
586,2021-03-16 20:12:49,7452,5996,112,13560
587,2021-03-16 20:27:49,7567,5881,112,13560
588,2021-03-16 20:42:49,7271,6177,112,13560
589,2021-03-16 20:57:49,7332,6116,112,13560
590,2021-03-16 21:12:49,7016,6432,112,13560
591,2021-03-16 21:27:49,7376,6072,112,13560
592,2021-03-16 21:42:49,7450,5998,112,13560
593,2021-03-16 21:57:49,7558,5890,112,13560
594,2021-03-16 22:12:49,7490,5958,112,13560
595,2021-03-16 22:27:49,7654,5794,112,13560
596,2021-03-16 22:42:49,7920,5528,112,13560
597,2021-03-16 22:57:49,7824,5624,112,13560
598,2021-03-16 23:12:50,7799,5649,112,13560
599,2021-03-16 23:27:50,7878,5570,112,13560
600,2021-03-16 23:42:50,7727,5721,112,13560
601,2021-03-16 23:57:50,7632,5816,112,13560
602,2021-03-17 00:12:50,7651,5797,112,13560
603,2021-03-17 00:27:50,7832,5616,112,13560
604,2021-03-17 00:42:50,7708,5740,112,13560
605,2021-03-17 00:57:50,7584,5864,112,13560
606,2021-03-17 01:12:50,7624,5824,112,13560
607,2021-03-17 01:27:50,7523,5925,112,13560
608,2021-03-17 01:42:50,7572,5876,112,13560
609,2021-03-17 01:57:50,7487,5961,112,13560
610,2021-03-17 02:12:50,7413,6035,112,13560
611,2021-03-17 02:27:50,7488,5960,112,13560
612,2021-03-17 02:42:50,7482,5966,112,13560
613,2021-03-17 02:57:50,7372,6076,112,13560
614,2021-03-17 03:12:50,7366,6082,112,13560
615,2021-03-17 03:27:50,7305,6143,112,13560
616,2021-03-17 03:42:50,7199,6249,112,13560
617,2021-03-17 03:57:50,7197,6251,112,13560
618,2021-03-17 04:12:50,7147,6301,112,13560
619,2021-03-17 04:27:50,7099,6349,112,13560
620,2021-03-17 04:42:50,7052,6396,112,13560
621,2021-03-17 04:57:50,6837,6611,112,13560
622,2021-03-17 05:12:50,6635,6813,112,13560
623,2021-03-17 05:27:50,6655,6793,112,13560
624,2021-03-17 05:42:50,6588,6860,112,13560
625,2021-03-17 05:57:51,6454,6994,112,13560
626,2021-03-17 06:12:51,6614,6834,112,13560
627,2021-03-17 06:27:51,6612,6836,112,13560
628,2021-03-17 06:42:51,6519,6929,112,13560
629,2021-03-17 06:57:51,6432,7016,112,13560
630,2021-03-17 07:12:51,6453,6995,112,13560
631,2021-03-17 07:27:51,6435,7013,112,13560
632,2021-03-17 07:42:51,6467,6981,112,13560
633,2021-03-17 07:57:51,6455,6969,136,13560
634,2021-03-17 08:12:51,6440,6984,136,13560
635,2021-03-17 08:27:51,6352,7072,136,13560
636,2021-03-17 08:42:51,6321,7103,136,13560
637,2021-03-17 08:57:51,6348,7076,136,13560
638,2021-03-17 09:12:51,6389,7035,136,13560
639,2021-03-17 09:27:51,6272,7176,112,13560
640,2021-03-17 09:42:51,6383,7065,112,13560
641,2021-03-17 09:57:51,6446,7002,112,13560
642,2021-03-17 10:12:51,6445,7003,112,13560
643,2021-03-17 10:27:51,6504,6944,112,13560
644,2021-03-17 10:42:51,6609,6839,112,13560
645,2021-03-17 10:57:51,6616,6832,112,13560
646,2021-03-17 11:12:51,7118,6330,112,13560
647,2021-03-17 11:27:51,7665,5783,112,13560
648,2021-03-17 11:42:51,7867,5581,112,13560
649,2021-03-17 11:57:51,7902,5546,112,13560
650,2021-03-17 12:12:51,7134,6314,112,13560
651,2021-03-17 12:27:51,8322,5126,112,13560
652,2021-03-17 12:42:52,8263,5185,112,13560
653,2021-03-17 12:57:52,8469,4979,112,13560
654,2021-03-17 13:12:52,8335,5113,112,13560
655,2021-03-17 13:27:52,8442,5006,112,13560
656,2021-03-17 13:42:52,8708,4740,112,13560
657,2021-03-17 13:57:52,8989,4459,112,13560
658,2021-03-17 14:12:52,9055,4393,112,13560
659,2021-03-17 14:27:52,9264,4184,112,13560
660,2021-03-17 14:42:52,8882,4566,112,13560
661,2021-03-17 14:57:52,8928,4520,112,13560
662,2021-03-17 15:12:52,9271,4177,112,13560
663,2021-03-17 15:27:52,9063,4385,112,13560
664,2021-03-17 15:42:52,8994,4454,112,13560
665,2021-03-17 15:57:52,9256,4192,112,13560
666,2021-03-17 16:12:52,9169,4279,112,13560
667,2021-03-17 16:27:52,9169,4279,112,13560
668,2021-03-17 16:42:52,8852,4596,112,13560
669,2021-03-17 16:57:52,8699,4749,112,13560
670,2021-03-17 17:12:52,8622,4826,112,13560
671,2021-03-17 17:27:52,8694,4754,112,13560
672,2021-03-17 17:42:52,8547,4901,112,13560
673,2021-03-17 17:57:52,8462,4986,112,13560
674,2021-03-17 18:12:52,8110,5338,112,13560
675,2021-03-17 18:27:53,8111,5337,112,13560
676,2021-03-17 18:42:53,8773,4675,112,13560
677,2021-03-17 18:57:53,8764,4684,112,13560
678,2021-03-17 19:12:53,8432,5016,112,13560
679,2021-03-17 19:27:53,8390,5058,112,13560
680,2021-03-17 19:42:53,8432,5016,112,13560
681,2021-03-17 19:57:53,8452,4996,112,13560
682,2021-03-17 20:12:53,8436,5012,112,13560
683,2021-03-17 20:27:53,8504,4944,112,13560
684,2021-03-17 20:42:53,8671,4777,112,13560
685,2021-03-17 20:57:53,8696,4752,112,13560
686,2021-03-17 21:12:53,8564,4884,112,13560
687,2021-03-17 21:27:53,8577,4871,112,13560
688,2021-03-17 21:42:53,8715,4733,112,13560
689,2021-03-17 21:57:53,8633,4815,112,13560
690,2021-03-17 22:12:53,8498,4950,112,13560
691,2021-03-17 22:27:53,8436,5012,112,13560
692,2021-03-17 22:42:53,8838,4610,112,13560
693,2021-03-17 22:57:53,8797,4651,112,13560
694,2021-03-17 23:12:53,8806,4642,112,13560
695,2021-03-17 23:27:53,8677,4771,112,13560
696,2021-03-17 23:42:53,8557,4891,112,13560
697,2021-03-17 23:57:53,8436,5012,112,13560
698,2021-03-18 00:12:53,8709,4739,112,13560
699,2021-03-18 00:27:53,8754,4694,112,13560
700,2021-03-18 00:42:53,8786,4662,112,13560
701,2021-03-18 00:57:53,8781,4667,112,13560
702,2021-03-18 01:12:53,8647,4801,112,13560
703,2021-03-18 01:27:53,8851,4597,112,13560
704,2021-03-18 01:42:54,8708,4740,112,13560
705,2021-03-18 01:57:54,8720,4728,112,13560
706,2021-03-18 02:12:54,8784,4664,112,13560
707,2021-03-18 02:27:54,8761,4687,112,13560
708,2021-03-18 02:42:54,8686,4762,112,13560
709,2021-03-18 02:57:54,8598,4850,112,13560
710,2021-03-18 03:12:54,8577,4871,112,13560
711,2021-03-18 03:27:54,8493,4955,112,13560
712,2021-03-18 03:42:54,8430,5018,112,13560
713,2021-03-18 03:57:54,8383,5065,112,13560
714,2021-03-18 04:12:54,8096,5352,112,13560
715,2021-03-18 04:27:54,7916,5532,112,13560
716,2021-03-18 04:42:54,7796,5652,112,13560
717,2021-03-18 04:57:54,7630,5818,112,13560
718,2021-03-18 05:12:54,7439,6009,112,13560
719,2021-03-18 05:27:54,7226,6222,112,13560
720,2021-03-18 05:42:54,7235,6213,112,13560
721,2021-03-18 05:57:54,7131,6317,112,13560
722,2021-03-18 06:12:54,7050,6398,112,13560
723,2021-03-18 06:27:54,6938,6510,112,13560
724,2021-03-18 06:42:54,6819,6629,112,13560
725,2021-03-18 06:57:54,6628,6820,112,13560
726,2021-03-18 07:12:54,6614,6834,112,13560
727,2021-03-18 07:27:54,6405,7043,112,13560
728,2021-03-18 07:42:54,6364,7084,112,13560
729,2021-03-18 07:57:54,6342,7106,112,13560
730,2021-03-18 08:12:54,6227,7221,112,13560
731,2021-03-18 08:27:55,6184,7264,112,13560
732,2021-03-18 08:42:55,6003,7445,112,13560
733,2021-03-18 08:57:55,5939,7509,112,13560
734,2021-03-18 09:12:55,5900,7548,112,13560
735,2021-03-18 09:27:55,5782,7666,112,13560
736,2021-03-18 09:42:55,6195,7253,112,13560
737,2021-03-18 09:57:55,6211,7237,112,13560
738,2021-03-18 10:12:55,6278,7170,112,13560
739,2021-03-18 10:27:55,6313,7135,112,13560
740,2021-03-18 10:42:55,6415,7033,112,13560
741,2021-03-18 10:57:55,6934,6514,112,13560
742,2021-03-18 11:12:55,7218,6230,112,13560
743,2021-03-18 11:27:55,7279,6169,112,13560
744,2021-03-18 11:42:55,7525,5923,112,13560
745,2021-03-18 11:57:55,7654,5794,112,13560
746,2021-03-18 12:12:55,7718,5730,112,13560
747,2021-03-18 12:27:55,7726,5722,112,13560
748,2021-03-18 12:42:55,8138,5310,112,13560
749,2021-03-18 12:57:55,8134,5314,112,13560
750,2021-03-18 13:12:55,7944,5504,112,13560
751,2021-03-18 13:27:55,7725,5723,112,13560
752,2021-03-18 13:42:55,7645,5803,112,13560
753,2021-03-18 13:57:55,7679,5769,112,13560
754,2021-03-18 14:12:55,7793,5655,112,13560
755,2021-03-18 14:27:55,7753,5695,112,13560
756,2021-03-18 14:42:55,7664,5784,112,13560
757,2021-03-18 14:57:55,7924,5524,112,13560
758,2021-03-18 15:12:55,7914,5534,112,13560
759,2021-03-18 15:27:55,7886,5562,112,13560
760,2021-03-18 15:42:55,7808,5640,112,13560
761,2021-03-18 15:57:56,7598,5850,112,13560
762,2021-03-18 16:12:56,7533,5915,112,13560
763,2021-03-18 16:27:56,7563,5885,112,13560
764,2021-03-18 16:42:56,7723,5725,112,13560
765,2021-03-18 16:57:56,7721,5727,112,13560
766,2021-03-18 17:12:56,7741,5707,112,13560
767,2021-03-18 17:27:56,7589,5859,112,13560
768,2021-03-18 17:42:56,7811,5637,112,13560
769,2021-03-18 17:57:56,7633,5815,112,13560
770,2021-03-18 18:12:56,7253,6195,112,13560
771,2021-03-18 18:27:56,7671,5777,112,13560
772,2021-03-18 18:42:56,7583,5865,112,13560
773,2021-03-18 18:57:56,7536,5912,112,13560
774,2021-03-18 19:12:56,7396,6052,112,13560
775,2021-03-18 19:27:56,7218,6230,112,13560
776,2021-03-18 19:42:56,7112,6336,112,13560
777,2021-03-18 19:57:56,7256,6192,112,13560
778,2021-03-18 20:12:56,7238,6210,112,13560
779,2021-03-18 20:27:56,7234,6214,112,13560
780,2021-03-18 20:42:56,7303,6145,112,13560
781,2021-03-18 20:57:56,6843,6605,112,13560
782,2021-03-18 21:12:56,6883,6565,112,13560
783,2021-03-18 21:27:56,6865,6583,112,13560
784,2021-03-18 21:42:56,6821,6627,112,13560
785,2021-03-18 21:57:56,6800,6648,112,13560
786,2021-03-18 22:12:56,6972,6476,112,13560
787,2021-03-18 22:27:56,7073,6375,112,13560
788,2021-03-18 22:42:56,6935,6513,112,13560
789,2021-03-18 22:57:56,7099,6349,112,13560
790,2021-03-18 23:12:56,7139,6309,112,13560
791,2021-03-18 23:27:57,7136,6312,112,13560
792,2021-03-18 23:42:57,6881,6567,112,13560
793,2021-03-18 23:57:57,6871,6577,112,13560
794,2021-03-19 00:12:57,6845,6603,112,13560
795,2021-03-19 00:27:57,6872,6576,112,13560
796,2021-03-19 00:42:57,6864,6584,112,13560
797,2021-03-19 00:57:57,6824,6624,112,13560
798,2021-03-19 01:12:57,6755,6693,112,13560
799,2021-03-19 01:27:57,6719,6729,112,13560
800,2021-03-19 01:42:57,6703,6745,112,13560
801,2021-03-19 01:57:57,6706,6742,112,13560
802,2021-03-19 02:12:57,6583,6865,112,13560
803,2021-03-19 02:27:57,6410,7038,112,13560
804,2021-03-19 02:42:57,6404,7044,112,13560
805,2021-03-19 02:57:57,6392,7056,112,13560
806,2021-03-19 03:12:57,6227,7221,112,13560
807,2021-03-19 03:27:57,6127,7321,112,13560
808,2021-03-19 03:42:57,6053,7395,112,13560
809,2021-03-19 03:57:57,6042,7406,112,13560
810,2021-03-19 04:12:57,6062,7386,112,13560
811,2021-03-19 04:27:57,6023,7425,112,13560
812,2021-03-19 04:42:57,6001,7447,112,13560
813,2021-03-19 04:57:57,6065,7383,112,13560
814,2021-03-19 05:12:57,6075,7373,112,13560
815,2021-03-19 05:27:57,5992,7456,112,13560
816,2021-03-19 05:42:57,5956,7492,112,13560
817,2021-03-19 05:57:57,5891,7557,112,13560
818,2021-03-19 06:12:57,5804,7644,112,13560
819,2021-03-19 06:27:57,5790,7658,112,13560
820,2021-03-19 06:42:57,5770,7678,112,13560
821,2021-03-19 06:57:58,5724,7724,112,13560
822,2021-03-19 07:12:58,5680,7768,112,13560
823,2021-03-19 07:27:58,5489,7959,112,13560
824,2021-03-19 07:42:58,5428,8020,112,13560
825,2021-03-19 07:57:58,5263,8185,112,13560
826,2021-03-19 08:12:58,5261,8187,112,13560
827,2021-03-19 08:27:58,5537,7911,112,13560
828,2021-03-19 08:42:58,5526,7922,112,13560
829,2021-03-19 08:57:58,5768,7680,112,13560
830,2021-03-19 09:12:58,5901,7547,112,13560
831,2021-03-19 09:27:58,5814,7634,112,13560
832,2021-03-19 09:42:58,5800,7648,112,13560
833,2021-03-19 09:57:58,5883,7565,112,13560
834,2021-03-19 10:12:58,5964,7484,112,13560
835,2021-03-19 10:27:58,5969,7479,112,13560
836,2021-03-19 10:42:58,5995,7453,112,13560
837,2021-03-19 10:57:58,6274,7174,112,13560
838,2021-03-19 11:12:58,6498,6950,112,13560
839,2021-03-19 11:27:58,6478,6970,112,13560
840,2021-03-19 11:42:58,6594,6854,112,13560
841,2021-03-19 11:57:58,6514,6934,112,13560
842,2021-03-19 12:12:58,6609,6839,112,13560
843,2021-03-19 12:27:58,6577,6871,112,13560
844,2021-03-19 12:42:58,6681,6767,112,13560
845,2021-03-19 12:57:58,6645,6803,112,13560
846,2021-03-19 13:12:58,6655,6793,112,13560
847,2021-03-19 13:27:58,6736,6712,112,13560
848,2021-03-19 13:42:58,6902,6546,112,13560
849,2021-03-19 13:57:58,6861,6587,112,13560
850,2021-03-19 14:12:59,7309,6139,112,13560
851,2021-03-19 14:27:59,7186,6262,112,13560
852,2021-03-19 14:42:59,7184,6264,112,13560
853,2021-03-19 14:57:59,7158,6290,112,13560
854,2021-03-19 15:12:59,7287,6161,112,13560
855,2021-03-19 15:27:59,7371,6077,112,13560
856,2021-03-19 15:42:59,7328,6120,112,13560
857,2021-03-19 15:57:59,7412,6036,112,13560
858,2021-03-19 16:12:59,7491,5957,112,13560
859,2021-03-19 16:27:59,7395,6053,112,13560
860,2021-03-19 16:42:59,7323,6125,112,13560
861,2021-03-19 16:57:59,7285,6163,112,13560
862,2021-03-19 17:12:59,7237,6211,112,13560
863,2021-03-19 17:27:59,7478,5970,112,13560
864,2021-03-19 17:42:59,6986,6462,112,13560
865,2021-03-19 17:57:59,6885,6563,112,13560
866,2021-03-19 18:12:59,6724,6724,112,13560
867,2021-03-19 18:27:59,6615,6833,112,13560
868,2021-03-19 18:42:59,6603,6845,112,13560
869,2021-03-19 18:57:59,6629,6819,112,13560
870,2021-03-19 19:12:59,6600,6848,112,13560
871,2021-03-19 19:27:59,6637,6811,112,13560
872,2021-03-19 19:42:59,6472,6976,112,13560
873,2021-03-19 19:57:59,6408,7040,112,13560
874,2021-03-19 20:12:59,6245,7203,112,13560
875,2021-03-19 20:27:59,6216,7232,112,13560
876,2021-03-19 20:42:59,6124,7324,112,13560
877,2021-03-19 20:57:59,6106,7342,112,13560
878,2021-03-19 21:13:00,6507,6941,112,13560
879,2021-03-19 21:28:00,6544,6904,112,13560
880,2021-03-19 21:43:00,6735,6713,112,13560
881,2021-03-19 21:58:00,6753,6695,112,13560
882,2021-03-19 22:13:00,6702,6746,112,13560
883,2021-03-19 22:28:00,7056,6392,112,13560
884,2021-03-19 22:43:00,7625,5823,112,13560
885,2021-03-19 22:58:00,7679,5769,112,13560
886,2021-03-19 23:13:00,7637,5811,112,13560
887,2021-03-19 23:28:00,7604,5844,112,13560
888,2021-03-19 23:43:00,7568,5880,112,13560
889,2021-03-19 23:58:00,7554,5894,112,13560
890,2021-03-20 00:13:00,7658,5790,112,13560
891,2021-03-20 00:28:00,7682,5766,112,13560
892,2021-03-20 00:43:00,7653,5795,112,13560
893,2021-03-20 00:58:00,7648,5800,112,13560
894,2021-03-20 01:13:00,7721,5727,112,13560
895,2021-03-20 01:28:00,7740,5708,112,13560
896,2021-03-20 01:43:00,7739,5709,112,13560
897,2021-03-20 01:58:00,7704,5744,112,13560
898,2021-03-20 02:13:00,7637,5811,112,13560
899,2021-03-20 02:28:00,7571,5877,112,13560
900,2021-03-20 02:43:00,7474,5974,112,13560
901,2021-03-20 02:58:00,7372,6076,112,13560
902,2021-03-20 03:13:00,7371,6077,112,13560
903,2021-03-20 03:28:00,7240,6208,112,13560
904,2021-03-20 03:43:00,7272,6176,112,13560
905,2021-03-20 03:58:01,7176,6272,112,13560
906,2021-03-20 04:13:01,7170,6278,112,13560
907,2021-03-20 04:28:01,7048,6400,112,13560
908,2021-03-20 04:43:01,7023,6425,112,13560
909,2021-03-20 04:58:01,6961,6487,112,13560
910,2021-03-20 05:13:01,6966,6482,112,13560
911,2021-03-20 05:28:01,6860,6588,112,13560
912,2021-03-20 05:43:01,6943,6505,112,13560
913,2021-03-20 05:58:01,6757,6691,112,13560
914,2021-03-20 06:13:01,6718,6730,112,13560
915,2021-03-20 06:28:01,6685,6763,112,13560
916,2021-03-20 06:43:01,6625,6823,112,13560
917,2021-03-20 06:58:01,6502,6946,112,13560
918,2021-03-20 07:13:01,6502,6946,112,13560
919,2021-03-20 07:28:01,6493,6955,112,13560
920,2021-03-20 07:43:01,6605,6843,112,13560
921,2021-03-20 07:58:01,6664,6784,112,13560
922,2021-03-20 08:13:01,6561,6887,112,13560
923,2021-03-20 08:28:01,6551,6897,112,13560
924,2021-03-20 08:43:01,6388,7060,112,13560
925,2021-03-20 08:58:01,6466,6982,112,13560
926,2021-03-20 09:13:01,6242,7206,112,13560
927,2021-03-20 09:28:01,6215,7233,112,13560
928,2021-03-20 09:43:01,6185,7263,112,13560
929,2021-03-20 09:58:01,6167,7281,112,13560
930,2021-03-20 10:13:01,6111,7337,112,13560
931,2021-03-20 10:28:01,5901,7547,112,13560
932,2021-03-20 10:43:01,5899,7549,112,13560
933,2021-03-20 10:58:01,5864,7584,112,13560
934,2021-03-20 11:13:01,6069,7379,112,13560
935,2021-03-20 11:28:01,6084,7364,112,13560
936,2021-03-20 11:43:01,5971,7477,112,13560
937,2021-03-20 11:58:01,5926,7522,112,13560
938,2021-03-20 12:13:01,5894,7554,112,13560
939,2021-03-20 12:28:01,5780,7668,112,13560
940,2021-03-20 12:43:01,5685,7763,112,13560
941,2021-03-20 12:58:02,5620,7828,112,13560
942,2021-03-20 13:13:02,5547,7901,112,13560
943,2021-03-20 13:28:02,5601,7847,112,13560
944,2021-03-20 13:43:02,5683,7765,112,13560
945,2021-03-20 13:58:02,5461,7987,112,13560
946,2021-03-20 14:13:02,5422,8026,112,13560
947,2021-03-20 14:28:02,5407,8041,112,13560
948,2021-03-20 14:43:02,5399,8049,112,13560
949,2021-03-20 14:58:02,5645,7803,112,13560
950,2021-03-20 15:13:02,6189,7259,112,13560
951,2021-03-20 15:28:02,5955,7493,112,13560
952,2021-03-20 15:43:02,6303,7145,112,13560
953,2021-03-20 15:58:02,5959,7489,112,13560
954,2021-03-20 16:13:02,5966,7482,112,13560
955,2021-03-20 16:28:02,5722,7726,112,13560
956,2021-03-20 16:43:02,5745,7703,112,13560
957,2021-03-20 16:58:02,5882,7566,112,13560
958,2021-03-20 17:13:02,5919,7529,112,13560
959,2021-03-20 17:28:02,5869,7579,112,13560
960,2021-03-20 17:43:02,5851,7597,112,13560
961,2021-03-20 17:58:02,5820,7628,112,13560
962,2021-03-20 18:13:02,5766,7682,112,13560
963,2021-03-20 18:28:02,5777,7671,112,13560
964,2021-03-20 18:43:02,5290,8158,112,13560
965,2021-03-20 18:58:02,5278,8170,112,13560
966,2021-03-20 19:13:02,5308,8140,112,13560
967,2021-03-20 19:28:02,5380,8068,112,13560
968,2021-03-20 19:43:03,5511,7937,112,13560
969,2021-03-20 19:58:03,5402,8046,112,13560
970,2021-03-20 20:13:03,5352,8096,112,13560
971,2021-03-20 20:28:03,5754,7694,112,13560
972,2021-03-20 20:43:03,5777,7671,112,13560
973,2021-03-20 20:58:03,5599,7849,112,13560
974,2021-03-20 21:13:03,5514,7934,112,13560
975,2021-03-20 21:28:03,5581,7867,112,13560
976,2021-03-20 21:43:03,5612,7836,112,13560
977,2021-03-20 21:58:03,5616,7832,112,13560
978,2021-03-20 22:13:03,6334,7114,112,13560
979,2021-03-20 22:28:03,6365,7083,112,13560
980,2021-03-20 22:43:03,6884,6564,112,13560
981,2021-03-20 22:58:03,7305,6143,112,13560
982,2021-03-20 23:13:03,7341,6107,112,13560
983,2021-03-20 23:28:03,7667,5781,112,13560
984,2021-03-20 23:43:03,7644,5804,112,13560
985,2021-03-20 23:58:03,7548,5900,112,13560
986,2021-03-21 00:13:03,7571,5877,112,13560
987,2021-03-21 00:28:03,7582,5866,112,13560
988,2021-03-21 00:43:03,7589,5859,112,13560
989,2021-03-21 00:58:03,7653,5795,112,13560
990,2021-03-21 01:13:03,7683,5765,112,13560
991,2021-03-21 01:28:03,7648,5800,112,13560
992,2021-03-21 01:43:03,7619,5829,112,13560
993,2021-03-21 01:58:03,7587,5861,112,13560
994,2021-03-21 02:13:03,7422,6026,112,13560
995,2021-03-21 02:28:03,7390,6058,112,13560
996,2021-03-21 02:43:03,7454,5994,112,13560
997,2021-03-21 02:58:04,7422,6026,112,13560
998,2021-03-21 03:13:04,7390,6058,112,13560
999,2021-03-21 03:28:04,7334,6114,112,13560
1000,2021-03-21 03:43:04,7262,6186,112,13560
1001,2021-03-21 03:58:04,7263,6185,112,13560
1002,2021-03-21 04:13:04,7243,6205,112,13560
1003,2021-03-21 04:28:04,7274,6174,112,13560
1004,2021-03-21 04:43:04,7271,6177,112,13560
1005,2021-03-21 04:58:04,7271,6177,112,13560
1006,2021-03-21 05:13:04,7237,6211,112,13560
1007,2021-03-21 05:28:04,7228,6220,112,13560
1008,2021-03-21 05:43:04,7227,6221,112,13560
1009,2021-03-21 05:58:04,7221,6227,112,13560
1010,2021-03-21 06:13:04,7221,6227,112,13560
1011,2021-03-21 06:28:04,7029,6419,112,13560
1012,2021-03-21 06:43:04,6998,6450,112,13560
1013,2021-03-21 06:58:04,6933,6515,112,13560
1014,2021-03-21 07:13:04,6902,6546,112,13560
1015,2021-03-21 07:28:04,6899,6549,112,13560
1016,2021-03-21 07:43:04,6889,6559,112,13560
1017,2021-03-21 07:58:04,6855,6593,112,13560
1018,2021-03-21 08:13:04,6856,6592,112,13560
1019,2021-03-21 08:28:04,6656,6792,112,13560
1020,2021-03-21 08:43:04,6486,6962,112,13560
1021,2021-03-21 08:58:04,6461,6987,112,13560
1022,2021-03-21 09:13:04,6519,6929,112,13560
1023,2021-03-21 09:28:04,6647,6801,112,13560
1024,2021-03-21 09:43:04,6677,6771,112,13560
1025,2021-03-21 09:58:04,6745,6703,112,13560
1026,2021-03-21 10:13:04,6732,6716,112,13560
1027,2021-03-21 10:28:05,6769,6679,112,13560
1028,2021-03-21 10:43:05,6586,6862,112,13560
1029,2021-03-21 10:58:05,6585,6863,112,13560
1030,2021-03-21 11:13:05,6565,6883,112,13560
1031,2021-03-21 11:28:05,6574,6874,112,13560
1032,2021-03-21 11:43:05,6545,6903,112,13560
1033,2021-03-21 11:58:05,6483,6965,112,13560
1034,2021-03-21 12:13:05,6478,6970,112,13560
1035,2021-03-21 12:28:05,6414,7034,112,13560
1036,2021-03-21 12:43:05,6468,6980,112,13560
1037,2021-03-21 12:58:05,6649,6799,112,13560
1038,2021-03-21 13:13:05,6718,6730,112,13560
1039,2021-03-21 13:28:05,6724,6724,112,13560
1040,2021-03-21 13:43:05,6613,6835,112,13560
1041,2021-03-21 13:58:05,6668,6780,112,13560
1042,2021-03-21 14:13:05,6630,6818,112,13560
1043,2021-03-21 14:28:05,6667,6781,112,13560
1044,2021-03-21 14:43:05,6542,6906,112,13560
1045,2021-03-21 14:58:05,6580,6868,112,13560
1046,2021-03-21 15:13:05,6590,6858,112,13560
1047,2021-03-21 15:28:05,6524,6924,112,13560
1048,2021-03-21 15:43:05,6450,6998,112,13560
1049,2021-03-21 15:58:05,6527,6921,112,13560
1050,2021-03-21 16:13:05,6395,7053,112,13560
1051,2021-03-21 16:28:05,6265,7183,112,13560
1052,2021-03-21 16:43:05,6203,7245,112,13560
1053,2021-03-21 16:58:05,6121,7327,112,13560
1054,2021-03-21 17:13:05,6133,7315,112,13560
1055,2021-03-21 17:28:05,6112,7336,112,13560
1056,2021-03-21 17:43:05,6158,7290,112,13560
1057,2021-03-21 17:58:06,5980,7468,112,13560
1058,2021-03-21 18:13:06,6001,7447,112,13560
1059,2021-03-21 18:28:06,6005,7443,112,13560
1060,2021-03-21 18:43:06,6020,7428,112,13560
1061,2021-03-21 18:58:06,6133,7315,112,13560
1062,2021-03-21 19:13:06,6166,7282,112,13560
1063,2021-03-21 19:28:06,5943,7505,112,13560
1064,2021-03-21 19:43:06,5909,7539,112,13560
1065,2021-03-21 19:58:06,5932,7516,112,13560
1066,2021-03-21 20:13:06,5983,7465,112,13560
1067,2021-03-21 20:28:06,5919,7529,112,13560
1068,2021-03-21 20:43:06,5808,7640,112,13560
1069,2021-03-21 20:58:06,5490,7958,112,13560
1070,2021-03-21 21:13:06,5744,7704,112,13560
1071,2021-03-21 21:28:06,5732,7716,112,13560
1072,2021-03-21 21:43:06,5816,7632,112,13560
1073,2021-03-21 21:58:06,5770,7678,112,13560
1074,2021-03-21 22:13:06,5997,7451,112,13560
1075,2021-03-21 22:28:06,6444,7004,112,13560
1076,2021-03-21 22:43:06,6415,7033,112,13560
1077,2021-03-21 22:58:06,6309,7139,112,13560
1078,2021-03-21 23:13:06,6219,7229,112,13560
1079,2021-03-21 23:28:06,6192,7256,112,13560
1080,2021-03-21 23:43:06,6052,7396,112,13560
1081,2021-03-21 23:58:06,5810,7638,112,13560
1082,2021-03-22 00:13:06,5973,7475,112,13560
1083,2021-03-22 00:28:06,5801,7647,112,13560
1084,2021-03-22 00:43:07,5768,7680,112,13560
1085,2021-03-22 00:58:07,5756,7692,112,13560
1086,2021-03-22 01:13:07,5799,7649,112,13560
1087,2021-03-22 01:28:07,5765,7683,112,13560
1088,2021-03-22 01:43:07,5864,7584,112,13560
1089,2021-03-22 01:58:07,5832,7616,112,13560
1090,2021-03-22 02:13:07,5756,7692,112,13560
1091,2021-03-22 02:28:07,5756,7692,112,13560
1092,2021-03-22 02:43:07,5734,7714,112,13560
1093,2021-03-22 02:58:07,5733,7715,112,13560
1094,2021-03-22 03:13:07,5761,7687,112,13560
1095,2021-03-22 03:28:07,5789,7659,112,13560
1096,2021-03-22 03:43:07,5787,7661,112,13560
1097,2021-03-22 03:58:07,5747,7701,112,13560
1098,2021-03-22 04:13:07,5417,8031,112,13560
1099,2021-03-22 04:28:07,5411,8037,112,13560
1100,2021-03-22 04:43:07,5397,8051,112,13560
1101,2021-03-22 04:58:07,5376,8072,112,13560
1102,2021-03-22 05:13:07,5307,8141,112,13560
1103,2021-03-22 05:28:07,5306,8142,112,13560
1104,2021-03-22 05:43:07,5308,8140,112,13560
1105,2021-03-22 05:58:07,5314,8134,112,13560
1106,2021-03-22 06:13:07,5135,8313,112,13560
1107,2021-03-22 06:28:07,5100,8348,112,13560
1108,2021-03-22 06:43:07,5108,8340,112,13560
1109,2021-03-22 06:58:07,5302,8146,112,13560
1110,2021-03-22 07:13:07,5278,8170,112,13560
1111,2021-03-22 07:28:07,5218,8230,112,13560
1112,2021-03-22 07:43:07,5180,8268,112,13560
1113,2021-03-22 07:58:07,5237,8211,112,13560
1114,2021-03-22 08:13:07,5238,8210,112,13560
1115,2021-03-22 08:28:07,5251,8197,112,13560
1116,2021-03-22 08:43:08,5241,8207,112,13560
1117,2021-03-22 08:58:08,5193,8255,112,13560
1118,2021-03-22 09:13:08,5193,8255,112,13560
1119,2021-03-22 09:28:08,5116,8340,112,13568
1120,2021-03-22 09:43:08,5125,8331,112,13568
1121,2021-03-22 09:58:08,5094,8362,112,13568
1122,2021-03-22 10:13:08,5232,8224,112,13568
1123,2021-03-22 10:28:08,5492,7964,112,13568
1124,2021-03-22 10:43:08,5448,8008,112,13568
1125,2021-03-22 10:58:08,5508,7955,113,13576
1126,2021-03-22 11:13:08,5431,8032,113,13576
1127,2021-03-22 11:28:08,5422,8041,113,13576
1128,2021-03-22 11:43:08,5844,7617,115,13576
1129,2021-03-22 11:58:08,6032,7429,115,13576
1130,2021-03-22 12:13:08,6021,7440,115,13576
1131,2021-03-22 12:28:08,6010,7451,115,13576
1132,2021-03-22 12:43:08,6072,7389,115,13576
1133,2021-03-22 12:58:08,6289,7172,115,13576
1134,2021-03-22 13:13:08,6204,7257,115,13576
1135,2021-03-22 13:28:08,6430,7031,115,13576
1136,2021-03-22 13:43:08,6237,7224,115,13576
1137,2021-03-22 13:58:08,6225,7236,115,13576
1138,2021-03-22 14:13:08,6475,6986,115,13576
1139,2021-03-22 14:28:08,6815,6646,115,13576
1140,2021-03-22 14:43:08,6809,6652,115,13576
1141,2021-03-22 14:58:08,6668,6793,115,13576
1142,2021-03-22 15:13:08,6597,6864,115,13576
1143,2021-03-22 15:28:09,6559,6902,115,13576
1144,2021-03-22 15:43:09,6663,6798,115,13576
1145,2021-03-22 15:58:09,6652,6807,117,13576
1146,2021-03-22 16:13:09,6773,6686,117,13576
1147,2021-03-22 16:28:09,6834,6623,119,13576
1148,2021-03-22 16:43:09,6915,6542,119,13576
1149,2021-03-22 16:58:09,6973,6484,119,13576
1150,2021-03-22 17:13:09,6897,6560,119,13576
1151,2021-03-22 17:28:09,7142,6315,119,13576
1152,2021-03-22 17:43:09,6917,6540,119,13576
1153,2021-03-22 17:58:09,6931,6526,119,13576
1154,2021-03-22 18:13:09,6899,6558,119,13576
1155,2021-03-22 18:28:09,7119,6338,119,13576
1156,2021-03-22 18:43:09,7492,5965,119,13576
1157,2021-03-22 18:58:09,7420,6037,119,13576
1158,2021-03-22 19:13:09,7129,6328,119,13576
1159,2021-03-22 19:28:09,7144,6313,119,13576
1160,2021-03-22 19:43:09,7079,6378,119,13576
1161,2021-03-22 19:58:09,6996,6461,119,13576
1162,2021-03-22 20:13:09,7032,6425,119,13576
1163,2021-03-22 20:28:09,7000,6457,119,13576
1164,2021-03-22 20:43:09,7120,6337,119,13576
1165,2021-03-22 20:58:09,6926,6531,119,13576
1166,2021-03-22 21:13:09,6910,6547,119,13576
1167,2021-03-22 21:28:09,6865,6592,119,13576
1168,2021-03-22 21:43:10,6825,6632,119,13576
1169,2021-03-22 21:58:10,6799,6658,119,13576
1170,2021-03-22 22:13:10,6828,6629,119,13576
1171,2021-03-22 22:28:10,6787,6670,119,13576
1172,2021-03-22 22:43:10,6616,6841,119,13576
1173,2021-03-22 22:58:10,6702,6755,119,13576
1174,2021-03-22 23:13:10,6774,6683,119,13576
1175,2021-03-22 23:28:10,6872,6585,119,13576
1176,2021-03-22 23:43:10,6821,6636,119,13576
1177,2021-03-22 23:58:10,6797,6660,119,13576
1178,2021-03-23 00:13:10,6835,6622,119,13576
1179,2021-03-23 00:28:10,6809,6648,119,13576
1180,2021-03-23 00:43:10,6810,6647,119,13576
1181,2021-03-23 00:58:10,6832,6625,119,13576
1182,2021-03-23 01:13:10,6789,6668,119,13576
1183,2021-03-23 01:28:10,6780,6677,119,13576
1184,2021-03-23 01:43:10,6658,6799,119,13576
1185,2021-03-23 01:58:10,6635,6822,119,13576
1186,2021-03-23 02:13:10,6506,6951,119,13576
1187,2021-03-23 02:28:10,6470,6987,119,13576
1188,2021-03-23 02:43:10,6493,6964,119,13576
1189,2021-03-23 02:58:10,6373,7084,119,13576
1190,2021-03-23 03:13:10,6481,6976,119,13576
1191,2021-03-23 03:28:10,6276,7181,119,13576
1192,2021-03-23 03:43:10,6409,7048,119,13576
1193,2021-03-23 03:58:10,6175,7282,119,13576
1194,2021-03-23 04:13:10,6083,7374,119,13576
1195,2021-03-23 04:28:10,6068,7389,119,13576
1196,2021-03-23 04:43:10,6059,7398,119,13576
1197,2021-03-23 04:58:11,6020,7437,119,13576
1198,2021-03-23 05:13:11,6048,7409,119,13576
1199,2021-03-23 05:28:11,6079,7378,119,13576
1200,2021-03-23 05:43:11,6114,7343,119,13576
1201,2021-03-23 05:58:11,6128,7329,119,13576
1202,2021-03-23 06:13:11,6087,7370,119,13576
1203,2021-03-23 06:28:11,6020,7437,119,13576
1204,2021-03-23 06:43:11,5888,7569,119,13576
1205,2021-03-23 06:58:11,5908,7549,119,13576
1206,2021-03-23 07:13:11,6047,7410,119,13576
1207,2021-03-23 07:28:11,5951,7506,119,13576
1208,2021-03-23 07:43:11,5947,7510,119,13576
1209,2021-03-23 07:58:11,5977,7480,119,13576
1210,2021-03-23 08:13:11,5939,7518,119,13576
1211,2021-03-23 08:28:11,5910,7547,119,13576
1212,2021-03-23 08:43:11,5854,7603,119,13576
1213,2021-03-23 08:58:11,5890,7567,119,13576
1214,2021-03-23 09:13:11,5891,7566,119,13576
1215,2021-03-23 09:28:11,5940,7517,119,13576
1216,2021-03-23 09:43:11,5967,7490,119,13576
1217,2021-03-23 09:58:11,6101,7356,119,13576
1218,2021-03-23 10:13:11,6191,7266,119,13576
1219,2021-03-23 10:28:11,6200,7257,119,13576
1220,2021-03-23 10:43:11,6360,7097,119,13576
1221,2021-03-23 10:58:11,6521,6936,119,13576
1222,2021-03-23 11:13:11,6554,6903,119,13576
1223,2021-03-23 11:28:12,6572,6885,119,13576
1224,2021-03-23 11:43:12,6625,6832,119,13576
1225,2021-03-23 11:58:12,6521,6936,119,13576
1226,2021-03-23 12:13:12,6608,6849,119,13576
1227,2021-03-23 12:28:12,6725,6732,119,13576
1228,2021-03-23 12:43:12,6512,6945,119,13576
1229,2021-03-23 12:58:12,6534,6923,119,13576
1230,2021-03-23 13:13:12,6531,6926,119,13576
1231,2021-03-23 13:28:12,6540,6917,119,13576
1232,2021-03-23 13:43:12,6377,7080,119,13576
1233,2021-03-23 13:58:12,6775,6682,119,13576
1234,2021-03-23 14:13:12,6983,6474,119,13576
1235,2021-03-23 14:28:12,7196,6261,119,13576
1236,2021-03-23 14:43:12,7571,5886,119,13576
1237,2021-03-23 14:58:12,8196,5261,119,13576
1238,2021-03-23 15:13:12,8293,5164,119,13576
1239,2021-03-23 15:28:12,8257,5200,119,13576
1240,2021-03-23 15:43:12,8441,5016,119,13576
1241,2021-03-23 15:58:12,8217,5240,119,13576
1242,2021-03-23 16:13:12,8236,5221,119,13576
1243,2021-03-23 16:28:12,8244,5213,119,13576
1244,2021-03-23 16:43:12,8116,5341,119,13576
1245,2021-03-23 16:58:13,7918,5539,119,13576
1246,2021-03-23 17:13:13,8193,5264,119,13576
1247,2021-03-23 17:28:13,8344,5113,119,13576
1248,2021-03-23 17:43:13,8308,5149,119,13576
1249,2021-03-23 17:58:13,8413,5044,119,13576
1250,2021-03-23 18:13:13,7452,6005,119,13576
1251,2021-03-23 18:28:13,7385,6072,119,13576
1252,2021-03-23 18:43:13,7438,6019,119,13576
1253,2021-03-23 18:58:13,7336,6121,119,13576
1254,2021-03-23 19:13:13,7285,6172,119,13576
1255,2021-03-23 19:28:13,7180,6277,119,13576
1256,2021-03-23 19:43:13,7253,6204,119,13576
1257,2021-03-23 19:58:13,7187,6270,119,13576
1258,2021-03-23 20:13:13,7163,6294,119,13576
1259,2021-03-23 20:28:13,7116,6341,119,13576
1260,2021-03-23 20:43:13,7180,6277,119,13576
1261,2021-03-23 20:58:13,7049,6408,119,13576
1262,2021-03-23 21:13:13,6838,6619,119,13576
1263,2021-03-23 21:28:14,6733,6724,119,13576
1264,2021-03-23 21:43:14,6631,6826,119,13576
1265,2021-03-23 21:58:14,6826,6631,119,13576
1266,2021-03-23 22:13:14,7092,6365,119,13576
1267,2021-03-23 22:28:14,7013,6444,119,13576
1268,2021-03-23 22:43:14,6945,6512,119,13576
1269,2021-03-23 22:58:14,7003,6454,119,13576
1270,2021-03-23 23:13:14,7248,6209,119,13576
1271,2021-03-23 23:28:14,7211,6246,119,13576
1272,2021-03-23 23:43:14,7267,6190,119,13576
1273,2021-03-23 23:58:14,7218,6239,119,13576
1274,2021-03-24 00:13:14,7311,6146,119,13576
1275,2021-03-24 00:28:14,7383,6073,120,13576
1276,2021-03-24 00:43:14,7435,6021,120,13576
1277,2021-03-24 00:58:14,7348,6108,120,13576
1278,2021-03-24 01:13:14,7338,6118,120,13576
1279,2021-03-24 01:28:14,7250,6206,120,13576
1280,2021-03-24 01:43:14,7238,6218,120,13576
1281,2021-03-24 01:58:14,7170,6286,120,13576
1282,2021-03-24 02:13:14,7142,6314,120,13576
1283,2021-03-24 02:28:14,7172,6284,120,13576
1284,2021-03-24 02:43:14,7125,6331,120,13576
1285,2021-03-24 02:58:14,7191,6265,120,13576
1286,2021-03-24 03:13:14,7158,6298,120,13576
1287,2021-03-24 03:28:14,7105,6351,120,13576
1288,2021-03-24 03:43:15,7035,6421,120,13576
1289,2021-03-24 03:58:15,6923,6533,120,13576
1290,2021-03-24 04:13:15,6854,6602,120,13576
1291,2021-03-24 04:28:15,6697,6759,120,13576
1292,2021-03-24 04:43:15,6744,6712,120,13576
1293,2021-03-24 04:58:15,6637,6819,120,13576
1294,2021-03-24 05:13:15,6589,6867,120,13576
1295,2021-03-24 05:28:15,6520,6936,120,13576
1296,2021-03-24 05:43:15,6490,6966,120,13576
1297,2021-03-24 05:58:15,6644,6812,120,13576
1298,2021-03-24 06:13:15,6409,7047,120,13576
1299,2021-03-24 06:28:15,6423,7033,120,13576
1300,2021-03-24 06:43:15,6467,6989,120,13576
1301,2021-03-24 06:58:15,6246,7210,120,13576
1302,2021-03-24 07:13:15,6216,7240,120,13576
1303,2021-03-24 07:28:15,6192,7264,120,13576
1304,2021-03-24 07:43:15,6124,7332,120,13576
1305,2021-03-24 07:58:15,6148,7308,120,13576
1306,2021-03-24 08:13:15,6096,7360,120,13576
1307,2021-03-24 08:28:15,6165,7291,120,13576
1308,2021-03-24 08:43:15,6015,7441,120,13576
1309,2021-03-24 08:58:15,5934,7522,120,13576
1310,2021-03-24 09:13:15,6070,7386,120,13576
1311,2021-03-24 09:28:15,5995,7461,120,13576
1312,2021-03-24 09:43:16,6115,7341,120,13576
1313,2021-03-24 09:58:16,6153,7303,120,13576
1314,2021-03-24 10:13:16,6111,7345,120,13576
1315,2021-03-24 10:28:16,5930,7526,120,13576
1316,2021-03-24 10:43:16,5771,7685,120,13576
1317,2021-03-24 10:58:16,5811,7645,120,13576
1318,2021-03-24 11:13:16,5898,7558,120,13576
1319,2021-03-24 11:28:16,5925,7531,120,13576
1320,2021-03-24 11:43:16,5873,7583,120,13576
1321,2021-03-24 11:58:16,5829,7603,144,13576
1322,2021-03-24 12:13:16,5206,8226,144,13576
1323,2021-03-24 12:28:16,5617,7815,144,13576
1324,2021-03-24 12:43:16,5651,7781,144,13576
1325,2021-03-24 12:58:16,5702,7726,148,13576
1326,2021-03-24 13:13:16,5898,7530,148,13576
1327,2021-03-24 13:28:16,5815,7613,148,13576
1328,2021-03-24 13:43:16,5790,7638,148,13576
1329,2021-03-24 13:58:16,5836,7592,148,13576
1330,2021-03-24 14:13:16,5875,7553,148,13576
1331,2021-03-24 14:28:16,5871,7557,148,13576
1332,2021-03-24 14:43:16,5792,7636,148,13576
1333,2021-03-24 14:58:16,5796,7632,148,13576
1334,2021-03-24 15:13:16,6208,7220,148,13576
1335,2021-03-24 15:28:16,5601,7827,148,13576
1336,2021-03-24 15:43:17,5736,7692,148,13576
1337,2021-03-24 15:58:17,5793,7635,148,13576
1338,2021-03-24 16:13:17,5805,7623,148,13576
1339,2021-03-24 16:28:17,5530,7898,148,13576
1340,2021-03-24 16:43:17,5736,7692,148,13576
1341,2021-03-24 16:58:17,5603,7825,148,13576
1342,2021-03-24 17:13:17,5675,7753,148,13576
1343,2021-03-24 17:28:17,5581,7847,148,13576
1344,2021-03-24 17:43:17,5517,7911,148,13576
1345,2021-03-24 17:58:17,5483,7945,148,13576
1346,2021-03-24 18:13:17,5101,8327,148,13576
1347,2021-03-24 18:28:17,5155,8273,148,13576
1348,2021-03-24 18:43:17,5048,8380,148,13576
1349,2021-03-24 18:58:17,5245,8183,148,13576
1350,2021-03-24 19:13:17,5342,8086,148,13576
1351,2021-03-24 19:28:17,5557,7871,148,13576
1352,2021-03-24 19:43:17,5596,7832,148,13576
1353,2021-03-24 19:58:17,5525,7903,148,13576
1354,2021-03-24 20:13:17,5792,7636,148,13576
1355,2021-03-24 20:28:17,5779,7649,148,13576
1356,2021-03-24 20:43:17,5736,7692,148,13576
1357,2021-03-24 20:58:17,5667,7737,172,13576
1358,2021-03-24 21:13:17,5582,7822,172,13576
1359,2021-03-24 21:28:17,5945,7459,172,13576
1360,2021-03-24 21:43:17,6015,7389,172,13576
1361,2021-03-24 21:58:17,6005,7399,172,13576
1362,2021-03-24 22:13:17,5995,7409,172,13576
1363,2021-03-24 22:28:17,5935,7469,172,13576
1364,2021-03-24 22:43:17,5939,7465,172,13576
1365,2021-03-24 22:58:18,5962,7438,176,13576
1366,2021-03-24 23:13:18,6086,7314,176,13576
1367,2021-03-24 23:28:18,6006,7394,176,13576
1368,2021-03-24 23:43:18,6084,7316,176,13576
1369,2021-03-24 23:58:18,6030,7370,176,13576
1370,2021-03-25 00:13:18,5985,7415,176,13576
1371,2021-03-25 00:28:18,6149,7251,176,13576
1372,2021-03-25 00:43:18,6143,7257,176,13576
1373,2021-03-25 00:58:18,6198,7202,176,13576
1374,2021-03-25 01:13:18,6188,7212,176,13576
1375,2021-03-25 01:28:18,6197,7203,176,13576
1376,2021-03-25 01:43:18,6119,7281,176,13576
1377,2021-03-25 01:58:18,6130,7270,176,13576
1378,2021-03-25 02:13:18,6142,7258,176,13576
1379,2021-03-25 02:28:18,6262,7138,176,13576
1380,2021-03-25 02:43:18,6548,6852,176,13576
1381,2021-03-25 02:58:18,6594,6806,176,13576
1382,2021-03-25 03:13:18,6556,6844,176,13576
1383,2021-03-25 03:28:18,6265,7135,176,13576
1384,2021-03-25 03:43:18,6221,7179,176,13576
1385,2021-03-25 03:58:18,6217,7183,176,13576
1386,2021-03-25 04:13:18,6193,7207,176,13576
1387,2021-03-25 04:28:18,6257,7143,176,13576
1388,2021-03-25 04:43:18,6205,7195,176,13576
1389,2021-03-25 04:58:18,6177,7223,176,13576
1390,2021-03-25 05:13:18,6139,7261,176,13576
1391,2021-03-25 05:28:18,6113,7287,176,13576
1392,2021-03-25 05:43:18,6067,7333,176,13576
1393,2021-03-25 05:58:18,5927,7473,176,13576
1394,2021-03-25 06:13:18,5807,7593,176,13576
1395,2021-03-25 06:28:19,5598,7802,176,13576
1396,2021-03-25 06:43:19,5564,7836,176,13576
1397,2021-03-25 06:58:19,5502,7898,176,13576
1398,2021-03-25 07:13:19,5468,7932,176,13576
1399,2021-03-25 07:28:19,5450,7950,176,13576
1400,2021-03-25 07:43:19,5474,7926,176,13576
1401,2021-03-25 07:58:19,5413,7987,176,13576
1402,2021-03-25 08:13:19,5528,7872,176,13576
1403,2021-03-25 08:28:19,5476,7924,176,13576
1404,2021-03-25 08:43:19,5356,8044,176,13576
1405,2021-03-25 08:58:19,5372,8028,176,13576
1406,2021-03-25 09:13:19,5567,7833,176,13576
1407,2021-03-25 09:28:19,5577,7823,176,13576
1408,2021-03-25 09:43:19,5589,7811,176,13576
1409,2021-03-25 09:58:19,5532,7868,176,13576
1410,2021-03-25 10:13:19,5304,8096,176,13576
1411,2021-03-25 10:28:19,5419,7981,176,13576
1412,2021-03-25 10:43:19,5364,8036,176,13576
1413,2021-03-25 10:58:19,5285,8115,176,13576
1414,2021-03-25 11:13:19,5513,7887,176,13576
1415,2021-03-25 11:28:19,5367,8001,208,13576
1416,2021-03-25 11:43:19,5542,7826,208,13576
1417,2021-03-25 11:58:19,5542,7826,208,13576
1418,2021-03-25 12:13:19,5565,7803,208,13576
1419,2021-03-25 12:28:19,5502,7866,208,13576
1420,2021-03-25 12:43:19,5621,7747,208,13576
1421,2021-03-25 12:58:19,5663,7705,208,13576
1422,2021-03-25 13:13:19,5811,7557,208,13576
1423,2021-03-25 13:28:20,5779,7589,208,13576
1424,2021-03-25 13:43:20,5808,7560,208,13576
1425,2021-03-25 13:58:20,5946,7422,208,13576
1426,2021-03-25 14:13:20,6143,7321,112,13576
1427,2021-03-25 14:28:20,6077,7387,112,13576
1428,2021-03-25 14:43:20,6094,7370,112,13576
1429,2021-03-25 14:58:20,5878,7586,112,13576
1430,2021-03-25 15:13:20,6182,7282,112,13576
1431,2021-03-25 15:28:20,5982,7482,112,13576
1432,2021-03-25 15:43:20,6746,6718,112,13576
1433,2021-03-25 15:58:20,6696,6768,112,13576
1434,2021-03-25 16:13:20,6548,6916,112,13576
1435,2021-03-25 16:28:20,6476,6988,112,13576
1436,2021-03-25 16:43:20,6364,7100,112,13576
1437,2021-03-25 16:58:20,6300,7164,112,13576
1438,2021-03-25 17:13:20,6789,6675,112,13576
1439,2021-03-25 17:28:20,6865,6599,112,13576
1440,2021-03-25 17:43:20,6774,6690,112,13576
1441,2021-03-25 17:58:20,5964,7500,112,13576
1442,2021-03-25 18:13:20,6007,7457,112,13576
1443,2021-03-25 18:28:20,5943,7521,112,13576
1444,2021-03-25 18:43:20,5834,7630,112,13576
1445,2021-03-25 18:58:20,5773,7691,112,13576
1446,2021-03-25 19:13:20,5751,7713,112,13576
1447,2021-03-25 19:28:20,5689,7775,112,13576
1448,2021-03-25 19:43:20,5677,7787,112,13576
1449,2021-03-25 19:58:20,5725,7739,112,13576
1450,2021-03-25 20:13:20,5826,7638,112,13576
1451,2021-03-25 20:28:20,6080,7384,112,13576
1452,2021-03-25 20:43:20,6045,7419,112,13576
1453,2021-03-25 20:58:20,6051,7413,112,13576
1454,2021-03-25 21:13:21,6066,7398,112,13576
1455,2021-03-25 21:28:27,6055,7409,112,13576
1456,2021-03-25 21:43:27,6007,7457,112,13576
1457,2021-03-25 21:58:27,5981,7483,112,13576
1458,2021-03-25 22:13:27,5894,7570,112,13576
1459,2021-03-25 22:28:27,5953,7511,112,13576
1460,2021-03-25 22:43:27,5915,7549,112,13576
1461,2021-03-25 22:58:27,5743,7721,112,13576
1462,2021-03-25 23:13:27,5663,7801,112,13576
1463,2021-03-25 23:28:27,5611,7853,112,13576
1464,2021-03-25 23:43:27,5743,7721,112,13576
1465,2021-03-25 23:58:27,5692,7772,112,13576
1466,2021-03-26 00:13:27,5591,7873,112,13576
1467,2021-03-26 00:28:27,5530,7934,112,13576
1468,2021-03-26 00:43:27,5629,7835,112,13576
1469,2021-03-26 00:58:27,5316,8148,112,13576
1470,2021-03-26 01:13:27,5447,8017,112,13576
1471,2021-03-26 01:28:27,5435,8029,112,13576
1472,2021-03-26 01:43:27,5244,8220,112,13576
1473,2021-03-26 01:58:27,5105,8359,112,13576
1474,2021-03-26 02:13:27,5128,8336,112,13576
1475,2021-03-26 02:28:28,4985,8479,112,13576
1476,2021-03-26 02:43:28,4740,8724,112,13576
1477,2021-03-26 02:58:28,4717,8747,112,13576
1478,2021-03-26 03:13:28,4717,8747,112,13576
1479,2021-03-26 03:28:28,4645,8819,112,13576
1480,2021-03-26 03:43:28,4544,8920,112,13576
1481,2021-03-26 03:58:28,4540,8924,112,13576
1482,2021-03-26 04:13:28,4493,8971,112,13576
1483,2021-03-26 04:28:28,4479,8985,112,13576
1484,2021-03-26 04:43:28,4440,9024,112,13576
1485,2021-03-26 04:58:28,4392,9072,112,13576
1486,2021-03-26 05:13:28,4385,9079,112,13576
1487,2021-03-26 05:28:28,4124,9340,112,13576
1488,2021-03-26 05:43:28,4070,9394,112,13576
1489,2021-03-26 05:58:28,4072,9392,112,13576
1490,2021-03-26 06:13:28,4064,9400,112,13576
1491,2021-03-26 06:28:28,3980,9484,112,13576
1492,2021-03-26 06:43:28,4027,9437,112,13576
1493,2021-03-26 06:58:28,3914,9550,112,13576
1494,2021-03-26 07:13:28,3859,9605,112,13576
1495,2021-03-26 07:28:28,3829,9635,112,13576
1496,2021-03-26 07:43:28,3874,9590,112,13576
1497,2021-03-26 07:58:28,4109,9355,112,13576
1498,2021-03-26 08:13:28,3974,9490,112,13576
1499,2021-03-26 08:28:28,4241,9223,112,13576
1500,2021-03-26 08:43:28,4184,9256,136,13576
1501,2021-03-26 08:58:28,4312,9128,136,13576
1502,2021-03-26 09:13:28,4149,9315,112,13576
1503,2021-03-26 09:28:28,4207,9257,112,13576
1504,2021-03-26 09:43:28,4380,9084,112,13576
1505,2021-03-26 09:58:29,4346,9118,112,13576
1506,2021-03-26 10:13:29,4295,9169,112,13576
1507,2021-03-26 10:28:29,4648,8816,112,13576
1508,2021-03-26 10:43:29,4388,9076,112,13576
1509,2021-03-26 10:58:29,4378,9086,112,13576
1510,2021-03-26 11:13:29,4443,9021,112,13576
1511,2021-03-26 11:28:29,4259,8981,336,13576
1512,2021-03-26 11:43:29,4292,8948,336,13576
1513,2021-03-26 11:58:29,4352,8888,336,13576
1514,2021-03-26 12:13:29,5051,8189,336,13576
1515,2021-03-26 12:28:29,5035,8205,336,13576
1516,2021-03-26 12:43:29,5560,7904,112,13576
1517,2021-03-26 12:58:29,5646,7818,112,13576
1518,2021-03-26 13:13:29,5607,7857,112,13576
1519,2021-03-26 13:28:29,5732,7732,112,13576
1520,2021-03-26 13:43:29,5757,7707,112,13576
1521,2021-03-26 13:58:29,6284,7180,112,13576
1522,2021-03-26 14:13:29,5959,7505,112,13576
1523,2021-03-26 14:28:29,6262,7202,112,13576
1524,2021-03-26 14:43:29,6250,7214,112,13576
1525,2021-03-26 14:58:29,6338,7126,112,13576
1526,2021-03-26 15:13:29,6307,7157,112,13576
1527,2021-03-26 15:28:29,6269,7195,112,13576
1528,2021-03-26 15:43:29,5897,7567,112,13576
1529,2021-03-26 15:58:29,5767,7697,112,13576
1530,2021-03-26 16:13:29,5488,7976,112,13576
1531,2021-03-26 16:28:29,6192,7272,112,13576
1532,2021-03-26 16:43:29,6140,7324,112,13576
1533,2021-03-26 16:58:30,6056,7408,112,13576
1534,2021-03-26 17:13:30,6471,6993,112,13576
1535,2021-03-26 17:28:30,6526,6938,112,13576
1536,2021-03-26 17:43:30,6470,6994,112,13576
1537,2021-03-26 17:58:30,6590,6874,112,13576
1538,2021-03-26 18:13:30,6858,6606,112,13576
1539,2021-03-26 18:28:30,7071,6393,112,13576
1540,2021-03-26 18:43:30,6869,6595,112,13576
1541,2021-03-26 18:58:30,6712,6752,112,13576
1542,2021-03-26 19:13:30,6717,6747,112,13576
1543,2021-03-26 19:28:30,6689,6775,112,13576
1544,2021-03-26 19:43:30,6598,6866,112,13576
1545,2021-03-26 19:58:30,6435,7029,112,13576
1546,2021-03-26 20:13:30,6333,7131,112,13576
1547,2021-03-26 20:28:30,6357,7107,112,13576
1548,2021-03-26 20:43:30,6302,7162,112,13576
1549,2021-03-26 20:58:30,6118,7346,112,13576
1550,2021-03-26 21:13:30,5913,7551,112,13576
1551,2021-03-26 21:28:30,6136,7328,112,13576
1552,2021-03-26 21:43:30,6196,7268,112,13576
1553,2021-03-26 21:58:30,6259,7205,112,13576
1554,2021-03-26 22:13:30,6241,7223,112,13576
1555,2021-03-26 22:28:30,6255,7209,112,13576
1556,2021-03-26 22:43:30,6233,7231,112,13576
1557,2021-03-26 22:58:30,6319,7145,112,13576
1558,2021-03-26 23:13:30,6487,6977,112,13576
1559,2021-03-26 23:28:30,6422,7042,112,13576
1560,2021-03-26 23:43:30,6434,7030,112,13576
1561,2021-03-26 23:58:30,6551,6913,112,13576
1562,2021-03-27 00:13:30,6560,6904,112,13576
1563,2021-03-27 00:28:30,6565,6899,112,13576
1564,2021-03-27 00:43:31,6587,6877,112,13576
1565,2021-03-27 00:58:31,6714,6750,112,13576
1566,2021-03-27 01:13:31,6602,6862,112,13576
1567,2021-03-27 01:28:31,6452,7012,112,13576
1568,2021-03-27 01:43:31,6236,7228,112,13576
1569,2021-03-27 01:58:31,5913,7551,112,13576
1570,2021-03-27 02:13:31,5793,7671,112,13576
1571,2021-03-27 02:28:31,5749,7715,112,13576
1572,2021-03-27 02:43:31,5728,7736,112,13576
1573,2021-03-27 02:58:31,5697,7767,112,13576
1574,2021-03-27 03:13:31,5673,7791,112,13576
1575,2021-03-27 03:28:31,5605,7859,112,13576
1576,2021-03-27 03:43:31,5600,7864,112,13576
1577,2021-03-27 03:58:31,5571,7893,112,13576
1578,2021-03-27 04:13:31,5547,7917,112,13576
1579,2021-03-27 04:28:31,5549,7915,112,13576
1580,2021-03-27 04:43:31,5501,7963,112,13576
1581,2021-03-27 04:58:31,5461,8003,112,13576
1582,2021-03-27 05:13:31,5133,8331,112,13576
1583,2021-03-27 05:28:31,5093,8371,112,13576
1584,2021-03-27 05:43:31,5093,8371,112,13576
1585,2021-03-27 05:58:31,5081,8383,112,13576
1586,2021-03-27 06:13:31,5049,8415,112,13576
1587,2021-03-27 06:28:31,5037,8427,112,13576
1588,2021-03-27 06:43:31,5014,8450,112,13576
1589,2021-03-27 06:58:31,5008,8456,112,13576
1590,2021-03-27 07:13:31,4970,8494,112,13576
1591,2021-03-27 07:28:31,4970,8494,112,13576
1592,2021-03-27 07:43:31,4970,8494,112,13576
1593,2021-03-27 07:58:31,5014,8450,112,13576
1594,2021-03-27 08:13:31,4940,8524,112,13576
1595,2021-03-27 08:28:32,4973,8491,112,13576
